{"episodes": 293, "scores": [0, 0, 0, 0, 0, 0, 0, 0, 0, 0, 2, 0, 0, 0, 0, 0, 1, 0, 0, 1, 1, 3, 0, 0, 1, 1, 0, 0, 1, 0, 2, 0, 1, 2, 1, 1, 0, 1, 1, 0, 1, 0, 0, 0, 1, 0, 2, 2, 0, 1, 3, 0, 1, 5, 1, 2, 0, 1, 1, 1, 1, 5, 0, 1, 0, 0, 15, 2, 1, 0, 0, 2, 4, 1, 2, 7, 3, 2, 3, 1, 0, 3, 2, 2, 0, 2, 0, 9, 1, 1, 1, 8, 1, 4, 5, 1, 5, 3, 4, 0, 1, 0, 4, 2, 19, 1, 0, 3, 0, 1, 2, 2, 15, 1, 1, 0, 0, 0, 4, 3, 0, 0, 0, 3, 5, 0, 1, 3, 0, 1, 1, 3, 5, 1, 2, 5, 0, 2, 5, 1, 1, 1, 0, 2, 1, 1, 2, 1, 1, 2, 1, 1, 0, 0, 0, 9, 1, 0, 0, 2, 0, 2, 2, 0, 0, 0, 0, 0, 16, 0, 6, 9, 0, 2, 2, 2, 0, 10, 2, 0, 1, 19, 6, 1, 1, 1, 7, 12, 1, 2, 17, 0, 1, 3, 1, 1, 1, 0, 0, 1, 1, 2, 10, 2, 8, 10, 0, 3, 3, 2, 2, 6, 3, 6, 1, 14, 4, 15, 8, 1, 1, 2, 5, 12, 11, 2, 6, 11, 17, 18, 26, 1, 12, 16, 1, 1, 1, 37, 18, 6, 21, 3, 18, 10, 0, 2, 9, 0, 12, 3, 29, 6, 7, 36, 8, 12, 20, 14, 54, 9, 9, 23, 3, 30, 0, 0, 7, 1, 1, 32, 41, 35, 25, 5, 4, 1, 15, 0, 2, 1, 0, 16, 2, 45, 12, 2, 0, 0, 9, 33, 0, 16, 1], "max_scores": [0, 0, 0, 0, 0, 0, 0, 0, 0, 0, 2, 2, 2, 2, 2, 2, 2, 2, 2, 2, 2, 3, 3, 3, 3, 3, 3, 3, 3, 3, 3, 3, 3, 3, 3, 3, 3, 3, 3, 3, 3, 3, 3, 3, 3, 3, 3, 3, 3, 3, 3, 3, 3, 5, 5, 5, 5, 5, 5, 5, 5, 5, 5, 5, 5, 5, 15, 15, 15, 15, 15, 15, 15, 15, 15, 15, 15, 15, 15, 15, 15, 15, 15, 15, 15, 15, 15, 15, 15, 15, 15, 15, 15, 15, 15, 15, 15, 15, 15, 15, 15, 15, 15, 15, 19, 19, 19, 19, 19, 19, 19, 19, 19, 19, 19, 19, 19, 19, 19, 19, 19, 19, 19, 19, 19, 19, 19, 19, 19, 19, 19, 19, 19, 19, 19, 19, 19, 19, 19, 19, 19, 19, 19, 19, 19, 19, 19, 19, 19, 19, 19, 19, 19, 19, 19, 19, 19, 19, 19, 19, 19, 19, 19, 19, 19, 19, 19, 19, 19, 19, 19, 19, 19, 19, 19, 19, 19, 19, 19, 19, 19, 19, 19, 19, 19, 19, 19, 19, 19, 19, 19, 19, 19, 19, 19, 19, 19, 19, 19, 19, 19, 19, 19, 19, 19, 19, 19, 19, 19, 19, 19, 19, 19, 19, 19, 19, 19, 19, 19, 19, 19, 19, 19, 19, 19, 19, 19, 19, 19, 19, 26, 26, 26, 26, 26, 26, 26, 37, 37, 37, 37, 37, 37, 37, 37, 37, 37, 37, 37, 37, 37, 37, 37, 37, 37, 37, 37, 37, 54, 54, 54, 54, 54, 54, 54, 54, 54, 54, 54, 54, 54, 54, 54, 54, 54, 54, 54, 54, 54, 54, 54, 54, 54, 54, 54, 54, 54, 54, 54, 54, 54, 54, 54], "rolling_mean_scores": [0.0, 0.0, 0.0, 0.0, 0.0, 0.0, 0.0, 0.0, 0.0, 0.0, 0.18181818181818182, 0.16666666666666666, 0.15384615384615385, 0.14285714285714285, 0.13333333333333333, 0.125, 0.17647058823529413, 0.16666666666666666, 0.15789473684210525, 0.2, 0.23809523809523808, 0.36363636363636365, 0.34782608695652173, 0.3333333333333333, 0.36, 0.38461538461538464, 0.37037037037037035, 0.35714285714285715, 0.3793103448275862, 0.36666666666666664, 0.41935483870967744, 0.40625, 0.42424242424242425, 0.47058823529411764, 0.4857142857142857, 0.5, 0.4864864864864865, 0.5, 0.5128205128205128, 0.5, 0.5121951219512195, 0.5, 0.4883720930232558, 0.4772727272727273, 0.4888888888888889, 0.4782608695652174, 0.5106382978723404, 0.5416666666666666, 0.5306122448979592, 0.54, 0.5882352941176471, 0.5769230769230769, 0.5849056603773585, 0.6666666666666666, 0.6727272727272727, 0.6964285714285714, 0.6842105263157895, 0.6896551724137931, 0.6949152542372882, 0.7, 0.7049180327868853, 0.7741935483870968, 0.7619047619047619, 0.765625, 0.7538461538461538, 0.7424242424242424, 0.9552238805970149, 0.9705882352941176, 0.9710144927536232, 0.9571428571428572, 0.9436619718309859, 0.9583333333333334, 1.0, 1.0, 1.0133333333333334, 1.0921052631578947, 1.1168831168831168, 1.1282051282051282, 1.1518987341772151, 1.15, 1.1358024691358024, 1.1585365853658536, 1.1686746987951808, 1.1785714285714286, 1.1647058823529413, 1.1744186046511629, 1.160919540229885, 1.25, 1.247191011235955, 1.2444444444444445, 1.2417582417582418, 1.315217391304348, 1.3118279569892473, 1.3404255319148937, 1.3789473684210527, 1.375, 1.4123711340206186, 1.4285714285714286, 1.4545454545454546, 1.44, 1.45, 1.45, 1.49, 1.51, 1.7, 1.71, 1.71, 1.74, 1.74, 1.75, 1.75, 1.77, 1.92, 1.93, 1.94, 1.94, 1.93, 1.93, 1.97, 1.99, 1.98, 1.95, 1.95, 1.98, 2.02, 2.01, 2.02, 2.05, 2.04, 2.05, 2.04, 2.07, 2.11, 2.1, 2.11, 2.15, 2.15, 2.16, 2.2, 2.21, 2.21, 2.22, 2.22, 2.24, 2.24, 2.25, 2.25, 2.24, 2.25, 2.26, 2.24, 2.25, 2.24, 2.19, 2.18, 2.25, 2.26, 2.25, 2.24, 2.25, 2.24, 2.21, 2.23, 2.22, 2.22, 2.22, 2.07, 2.05, 2.2, 2.2, 2.26, 2.33, 2.29, 2.3, 2.3, 2.25, 2.22, 2.3, 2.29, 2.28, 2.29, 2.45, 2.49, 2.48, 2.49, 2.48, 2.55, 2.58, 2.58, 2.59, 2.75, 2.67, 2.67, 2.66, 2.62, 2.62, 2.58, 2.55, 2.51, 2.52, 2.52, 2.54, 2.6, 2.6, 2.49, 2.58, 2.58, 2.58, 2.61, 2.62, 2.62, 2.66, 2.54, 2.59, 2.59, 2.73, 2.77, 2.92, 2.96, 2.94, 2.95, 2.97, 3.02, 3.11, 3.17, 3.19, 3.24, 3.32, 3.49, 3.66, 3.91, 3.89, 3.96, 4.11, 4.1, 4.06, 4.07, 4.42, 4.55, 4.6, 4.8, 4.82, 5.0, 5.08, 5.07, 5.08, 5.15, 5.14, 5.25, 5.26, 5.54, 5.59, 5.66, 6.02, 6.1, 6.13, 6.32, 6.46, 7.0, 7.07, 7.16, 7.37, 7.38, 7.68, 7.68, 7.68, 7.75, 7.76, 7.61, 7.93, 8.28, 8.54, 8.79, 8.82, 8.84, 8.83, 8.98, 8.88, 8.88, 8.89, 8.88, 8.85, 8.81, 9.25, 9.36, 9.37, 9.3, 9.18, 9.26, 9.57, 9.4, 9.56, 9.56], "best_reward": 56.49972222222336}